paying_users,total_revenue,avg_revenue_per_user
46,19798.620000000003,430.4047826086957
